Contax 50 / 1.4 實用級,6800,ptt,tf30801,2018-07-22 15:16:02
台中-福倫達Voigtlande 35mmF1.4/MC/vm,12000,ptt,artin2009,2018-07-22 19:23:11
Nikon 鏡頭 24mm 28mm 50mm 55mm Micro 105mm 2X,5500,ptt,Can19860111,2018-07-22 21:04:29
olympus 35DC,2700,ptt,tedshell,2018-07-23 10:59:25
NIKON FE 降價!!,2000,ptt,faylee,2018-07-23 16:03:16
Polaroid 450 拍立得 撕拉片風琴機,4500,ptt,thesea3,2018-07-24 00:06:07
canon 35mm f1.8 l39鏡頭及配件,6500,ptt,monmonkey,2018-07-24 12:45:42
Ais 28 2.8,6500,ptt,benny0725,2018-07-24 16:25:04
Minolta P’s 寬景相機 & 現場監督28 HG,2700,ptt,PENTAXCAT,2018-07-24 20:25:38
土城 OLYMPUS XA & LOMO LCA+ 小人頭,3500,ptt,PENTAXCAT,2018-07-24 22:03:09
台北 Panasonic 45-150mm F4-5.6 OIS,5500,ptt,kaye004,2018-07-25 16:54:06
土城 PENTAX MX,3500,ptt,PENTAXCAT,2018-07-25 22:26:54
國家地理、Acme Made相機包,1800,ptt,chingyun8245,2018-07-16 22:21:02
Hasselblad 哈蘇 500CM 整組,500,ptt,ZimSam,2018-07-17 01:03:09
Rollei 35 Nikon 28 2.8 最近對焦版,4000,ptt,Osben,2018-07-17 09:17:01
一些攝影用品,0,ptt,pin731104,2018-07-17 22:18:07
olympus 35DC,3000,ptt,tedshell,2018-07-18 21:35:49
pentax mx+40/2.8餅乾鏡,5000,ptt,t7s3,2018-07-19 01:58:15
Nikon FM2 + 50MM F1.4,8800,ptt,adnex,2018-07-19 21:44:02
Nikon F801+55mm micro f2.8,3000,ptt,fields,2018-07-20 07:49:31
Konica IIIA 48mm f2,500,ptt,ghjk1234567,2018-07-22 11:00:56
makina W67,67000,ptt,aayuan,2018-07-09 15:46:20
土城 CANON EOS 7 & MINOLTA α-7 單眼,300,ptt,PENTAXCAT,2018-07-09 18:44:19
Balda Baldi 29,3500,ptt,iverson6602,2018-07-10 09:51:30
NIKON TW ZOOM & MINOLTA AF-E,200,ptt,PENTAXCAT,2018-07-10 12:16:57
CONTAX G35mm/f2,12000,ptt,PENTAXCAT,2018-07-10 14:59:06
Polaroid sx70聲納機,6000,ptt,free12210303,2018-07-10 21:58:48
Canon old F1 + S.S.C 50 1.4 F-1,7500,ptt,oecgoat,2018-07-11 13:39:24
台北 Pentax SV 機身,800,ptt,pluto1111,2018-07-11 15:04:15
Fujifilm GA645Zi 中片幅,100,ptt,stevenmann,2018-07-11 23:48:56
BEWI 熱靴式測光表,0,ptt,pin731104,2018-07-12 00:52:51
土城 NIKON &其它相機配件,200,ptt,PENTAXCAT,2018-07-12 10:25:30
Schneider Curtagon 35/2.8 DKL,600,ptt,ca1123,2018-07-15 01:00:22
Nikon FE 單機身,3000,ptt,faylee,2018-07-15 10:09:39
Pentax espio mini,5800,ptt,yuityuit,2018-07-15 14:56:23
土城 OLYMPUS PEN EES2 & EE3,1600,ptt,PENTAXCAT,2018-07-06 11:44:16
KODAK FV II/32 保護鏡 (32mm),400,ptt,pin731104,2018-07-06 11:59:23
土城 NIKON ZOOM300 & CANON AUTOBOY A,300,ptt,PENTAXCAT,2018-07-07 01:56:59
土城 富士 SILVI F2.8,5000,ptt,PENTAXCAT,2018-07-07 18:06:13
NIKON FM2 黑機,0,ptt,lee28119,2018-07-07 19:39:24
PENTAX Super Takumar 200MMf4 M42,200,ptt,tzuchao0719,2018-07-08 12:40:22
Tamron SP 500mm f8 Nikon口,6000,ptt,tzuchao0719,2018-07-08 12:56:24
Helios 44-3 58 f2八羽怪 稀有3版,2200,ptt,tzuchao0719,2018-07-08 13:16:32
土城 Minolta α-Sweet 一代&二代,600,ptt,PENTAXCAT,2018-07-08 14:46:24
土城 CANON GIII QL19,2700,ptt,PENTAXCAT,2018-07-08 14:56:36
土城 過片把手NIKON MD-12 & MINOLTA MD1,800,ptt,PENTAXCAT,2018-07-08 16:10:30
"過期120底片 (Portra, Ektar)",400,ptt,weem,2018-07-08 19:36:41
Nikon 鏡頭 24mm 28mm 50mm 55mm Micro 105mm 2X,5500,ptt,Can19860111,2018-07-09 14:31:05
土城 OLYMPUS AF-1 & AF-10,300,ptt,PENTAXCAT,2018-07-09 14:47:55
土城 KONICA C35 & C35 FD,1800,ptt,PENTAXCAT,2018-06-30 20:02:45
lomo instant 灰藍色,1500,ptt,fiona0748,2018-06-30 23:26:13
Olympus 35 SP,4800,ptt,allmetaphor,2018-07-01 12:13:01
Nikon 50/1.4D+Tamron 28-200旅遊,4200,ptt,monster716,2018-07-01 16:09:32
Konica C35EF,2300,ptt,ghjk1234567,2018-07-01 20:53:08
Rolleiflex2.8E和配件,25000,ptt,colafish,2018-07-02 16:32:39
愛克發AGFA APX黑白負片400/100,400,ptt,lincb,2018-07-03 07:56:18
土城 OLYMPUS XA,3500,ptt,PENTAXCAT,2018-07-03 09:54:52
Fujifilm GA645 中片幅,13000,ptt,stevenmann,2018-07-04 23:26:59
lomo horizon kompakt,7000,ptt,bluecrows,2018-07-04 23:55:32
土城 KONICA 現場監督 28HG,2200,ptt,PENTAXCAT,2018-07-05 15:34:43
